<application>
  <component name="ProjectJdkTable">
    <jdk version="2">
      <name value="17" />
      <type value="JavaSDK" />
      <version value="Oracle OpenJDK version 17.0.9" />
      <homePath value="D:/MainDownload/OtherDownload/JDK17" />
      <roots>
        <annotationsPath>
          <root type="composite">
            <root url="jar://$APPLICATION_HOME_DIR$/plugins/java/lib/resources/jdkAnnotations.jar!/" type="simple" />
          </root>
        </annotationsPath>
        <classPath>
          <root type="composite">
            <root url="jrt://D:/MainDownload/OtherDownload/JDK17!/java.base" type="simple" />
            <root url="jrt://D:/MainDownload/OtherDownload/JDK17!/java.compiler" type="simple" />
            <root url="jrt://D:/MainDownload/OtherDownload/JDK17!/java.datatransfer" type="simple" />
            <root url="jrt://D:/MainDownload/OtherDownload/JDK17!/java.desktop" type="simple" />
            <root url="jrt://D:/MainDownload/OtherDownload/JDK17!/java.instrument" type="simple" />
            <root url="jrt://D:/MainDownload/OtherDownload/JDK17!/java.logging" type="simple" />
            <root url="jrt://D:/MainDownload/OtherDownload/JDK17!/java.management" type="simple" />
            <root url="jrt://D:/MainDownload/OtherDownload/JDK17!/java.management.rmi" type="simple" />
            <root url="jrt://D:/MainDownload/OtherDownload/JDK17!/java.naming" type="simple" />
            <root url="jrt://D:/MainDownload/OtherDownload/JDK17!/java.net.http" type="simple" />
            <root url="jrt://D:/MainDownload/OtherDownload/JDK17!/java.prefs" type="simple" />
            <root url="jrt://D:/MainDownload/OtherDownload/JDK17!/java.rmi" type="simple" />
            <root url="jrt://D:/MainDownload/OtherDownload/JDK17!/java.scripting" type="simple" />
            <root url="jrt://D:/MainDownload/OtherDownload/JDK17!/java.se" type="simple" />
            <root url="jrt://D:/MainDownload/OtherDownload/JDK17!/java.security.jgss" type="simple" />
            <root url="jrt://D:/MainDownload/OtherDownload/JDK17!/java.security.sasl" type="simple" />
            <root url="jrt://D:/MainDownload/OtherDownload/JDK17!/java.smartcardio" type="simple" />
            <root url="jrt://D:/MainDownload/OtherDownload/JDK17!/java.sql" type="simple" />
            <root url="jrt://D:/MainDownload/OtherDownload/JDK17!/java.sql.rowset" type="simple" />
            <root url="jrt://D:/MainDownload/OtherDownload/JDK17!/java.transaction.xa" type="simple" />
            <root url="jrt://D:/MainDownload/OtherDownload/JDK17!/java.xml" type="simple" />
            <root url="jrt://D:/MainDownload/OtherDownload/JDK17!/java.xml.crypto" type="simple" />
            <root url="jrt://D:/MainDownload/OtherDownload/JDK17!/jdk.accessibility" type="simple" />
            <root url="jrt://D:/MainDownload/OtherDownload/JDK17!/jdk.attach" type="simple" />
            <root url="jrt://D:/MainDownload/OtherDownload/JDK17!/jdk.charsets" type="simple" />
            <root url="jrt://D:/MainDownload/OtherDownload/JDK17!/jdk.compiler" type="simple" />
            <root url="jrt://D:/MainDownload/OtherDownload/JDK17!/jdk.crypto.cryptoki" type="simple" />
            <root url="jrt://D:/MainDownload/OtherDownload/JDK17!/jdk.crypto.ec" type="simple" />
            <root url="jrt://D:/MainDownload/OtherDownload/JDK17!/jdk.crypto.mscapi" type="simple" />
            <root url="jrt://D:/MainDownload/OtherDownload/JDK17!/jdk.dynalink" type="simple" />
            <root url="jrt://D:/MainDownload/OtherDownload/JDK17!/jdk.editpad" type="simple" />
            <root url="jrt://D:/MainDownload/OtherDownload/JDK17!/jdk.hotspot.agent" type="simple" />
            <root url="jrt://D:/MainDownload/OtherDownload/JDK17!/jdk.httpserver" type="simple" />
            <root url="jrt://D:/MainDownload/OtherDownload/JDK17!/jdk.incubator.foreign" type="simple" />
            <root url="jrt://D:/MainDownload/OtherDownload/JDK17!/jdk.incubator.vector" type="simple" />
            <root url="jrt://D:/MainDownload/OtherDownload/JDK17!/jdk.internal.ed" type="simple" />
            <root url="jrt://D:/MainDownload/OtherDownload/JDK17!/jdk.internal.jvmstat" type="simple" />
            <root url="jrt://D:/MainDownload/OtherDownload/JDK17!/jdk.internal.le" type="simple" />
            <root url="jrt://D:/MainDownload/OtherDownload/JDK17!/jdk.internal.opt" type="simple" />
            <root url="jrt://D:/MainDownload/OtherDownload/JDK17!/jdk.internal.vm.ci" type="simple" />
            <root url="jrt://D:/MainDownload/OtherDownload/JDK17!/jdk.internal.vm.compiler" type="simple" />
            <root url="jrt://D:/MainDownload/OtherDownload/JDK17!/jdk.internal.vm.compiler.management" type="simple" />
            <root url="jrt://D:/MainDownload/OtherDownload/JDK17!/jdk.jartool" type="simple" />
            <root url="jrt://D:/MainDownload/OtherDownload/JDK17!/jdk.javadoc" type="simple" />
            <root url="jrt://D:/MainDownload/OtherDownload/JDK17!/jdk.jcmd" type="simple" />
            <root url="jrt://D:/MainDownload/OtherDownload/JDK17!/jdk.jconsole" type="simple" />
            <root url="jrt://D:/MainDownload/OtherDownload/JDK17!/jdk.jdeps" type="simple" />
            <root url="jrt://D:/MainDownload/OtherDownload/JDK17!/jdk.jdi" type="simple" />
            <root url="jrt://D:/MainDownload/OtherDownload/JDK17!/jdk.jdwp.agent" type="simple" />
            <root url="jrt://D:/MainDownload/OtherDownload/JDK17!/jdk.jfr" type="simple" />
            <root url="jrt://D:/MainDownload/OtherDownload/JDK17!/jdk.jlink" type="simple" />
            <root url="jrt://D:/MainDownload/OtherDownload/JDK17!/jdk.jpackage" type="simple" />
            <root url="jrt://D:/MainDownload/OtherDownload/JDK17!/jdk.jshell" type="simple" />
            <root url="jrt://D:/MainDownload/OtherDownload/JDK17!/jdk.jsobject" type="simple" />
            <root url="jrt://D:/MainDownload/OtherDownload/JDK17!/jdk.jstatd" type="simple" />
            <root url="jrt://D:/MainDownload/OtherDownload/JDK17!/jdk.localedata" type="simple" />
            <root url="jrt://D:/MainDownload/OtherDownload/JDK17!/jdk.management" type="simple" />
            <root url="jrt://D:/MainDownload/OtherDownload/JDK17!/jdk.management.agent" type="simple" />
            <root url="jrt://D:/MainDownload/OtherDownload/JDK17!/jdk.management.jfr" type="simple" />
            <root url="jrt://D:/MainDownload/OtherDownload/JDK17!/jdk.naming.dns" type="simple" />
            <root url="jrt://D:/MainDownload/OtherDownload/JDK17!/jdk.naming.rmi" type="simple" />
            <root url="jrt://D:/MainDownload/OtherDownload/JDK17!/jdk.net" type="simple" />
            <root url="jrt://D:/MainDownload/OtherDownload/JDK17!/jdk.nio.mapmode" type="simple" />
            <root url="jrt://D:/MainDownload/OtherDownload/JDK17!/jdk.random" type="simple" />
            <root url="jrt://D:/MainDownload/OtherDownload/JDK17!/jdk.sctp" type="simple" />
            <root url="jrt://D:/MainDownload/OtherDownload/JDK17!/jdk.security.auth" type="simple" />
            <root url="jrt://D:/MainDownload/OtherDownload/JDK17!/jdk.security.jgss" type="simple" />
            <root url="jrt://D:/MainDownload/OtherDownload/JDK17!/jdk.unsupported" type="simple" />
            <root url="jrt://D:/MainDownload/OtherDownload/JDK17!/jdk.unsupported.desktop" type="simple" />
            <root url="jrt://D:/MainDownload/OtherDownload/JDK17!/jdk.xml.dom" type="simple" />
            <root url="jrt://D:/MainDownload/OtherDownload/JDK17!/jdk.zipfs" type="simple" />
          </root>
        </classPath>
        <javadocPath>
          <root type="composite" />
        </javadocPath>
        <sourcePath>
          <root type="composite">
            <root url="jar://D:/MainDownload/OtherDownload/JDK17/lib/src.zip!/java.se" type="simple" />
            <root url="jar://D:/MainDownload/OtherDownload/JDK17/lib/src.zip!/jdk.jdi" type="simple" />
            <root url="jar://D:/MainDownload/OtherDownload/JDK17/lib/src.zip!/jdk.jfr" type="simple" />
            <root url="jar://D:/MainDownload/OtherDownload/JDK17/lib/src.zip!/jdk.net" type="simple" />
            <root url="jar://D:/MainDownload/OtherDownload/JDK17/lib/src.zip!/java.rmi" type="simple" />
            <root url="jar://D:/MainDownload/OtherDownload/JDK17/lib/src.zip!/java.sql" type="simple" />
            <root url="jar://D:/MainDownload/OtherDownload/JDK17/lib/src.zip!/java.xml" type="simple" />
            <root url="jar://D:/MainDownload/OtherDownload/JDK17/lib/src.zip!/jdk.jcmd" type="simple" />
            <root url="jar://D:/MainDownload/OtherDownload/JDK17/lib/src.zip!/jdk.sctp" type="simple" />
            <root url="jar://D:/MainDownload/OtherDownload/JDK17/lib/src.zip!/java.base" type="simple" />
            <root url="jar://D:/MainDownload/OtherDownload/JDK17/lib/src.zip!/jdk.jdeps" type="simple" />
            <root url="jar://D:/MainDownload/OtherDownload/JDK17/lib/src.zip!/jdk.jlink" type="simple" />
            <root url="jar://D:/MainDownload/OtherDownload/JDK17/lib/src.zip!/jdk.zipfs" type="simple" />
            <root url="jar://D:/MainDownload/OtherDownload/JDK17/lib/src.zip!/java.prefs" type="simple" />
            <root url="jar://D:/MainDownload/OtherDownload/JDK17/lib/src.zip!/jdk.attach" type="simple" />
            <root url="jar://D:/MainDownload/OtherDownload/JDK17/lib/src.zip!/jdk.jshell" type="simple" />
            <root url="jar://D:/MainDownload/OtherDownload/JDK17/lib/src.zip!/jdk.jstatd" type="simple" />
            <root url="jar://D:/MainDownload/OtherDownload/JDK17/lib/src.zip!/jdk.random" type="simple" />
            <root url="jar://D:/MainDownload/OtherDownload/JDK17/lib/src.zip!/java.naming" type="simple" />
            <root url="jar://D:/MainDownload/OtherDownload/JDK17/lib/src.zip!/jdk.editpad" type="simple" />
            <root url="jar://D:/MainDownload/OtherDownload/JDK17/lib/src.zip!/jdk.jartool" type="simple" />
            <root url="jar://D:/MainDownload/OtherDownload/JDK17/lib/src.zip!/jdk.javadoc" type="simple" />
            <root url="jar://D:/MainDownload/OtherDownload/JDK17/lib/src.zip!/jdk.xml.dom" type="simple" />
            <root url="jar://D:/MainDownload/OtherDownload/JDK17/lib/src.zip!/java.desktop" type="simple" />
            <root url="jar://D:/MainDownload/OtherDownload/JDK17/lib/src.zip!/java.logging" type="simple" />
            <root url="jar://D:/MainDownload/OtherDownload/JDK17/lib/src.zip!/jdk.charsets" type="simple" />
            <root url="jar://D:/MainDownload/OtherDownload/JDK17/lib/src.zip!/jdk.compiler" type="simple" />
            <root url="jar://D:/MainDownload/OtherDownload/JDK17/lib/src.zip!/jdk.dynalink" type="simple" />
            <root url="jar://D:/MainDownload/OtherDownload/JDK17/lib/src.zip!/jdk.jconsole" type="simple" />
            <root url="jar://D:/MainDownload/OtherDownload/JDK17/lib/src.zip!/jdk.jpackage" type="simple" />
            <root url="jar://D:/MainDownload/OtherDownload/JDK17/lib/src.zip!/jdk.jsobject" type="simple" />
            <root url="jar://D:/MainDownload/OtherDownload/JDK17/lib/src.zip!/java.compiler" type="simple" />
            <root url="jar://D:/MainDownload/OtherDownload/JDK17/lib/src.zip!/java.net.http" type="simple" />
            <root url="jar://D:/MainDownload/OtherDownload/JDK17/lib/src.zip!/jdk.crypto.ec" type="simple" />
            <root url="jar://D:/MainDownload/OtherDownload/JDK17/lib/src.zip!/java.scripting" type="simple" />
            <root url="jar://D:/MainDownload/OtherDownload/JDK17/lib/src.zip!/jdk.httpserver" type="simple" />
            <root url="jar://D:/MainDownload/OtherDownload/JDK17/lib/src.zip!/jdk.jdwp.agent" type="simple" />
            <root url="jar://D:/MainDownload/OtherDownload/JDK17/lib/src.zip!/jdk.localedata" type="simple" />
            <root url="jar://D:/MainDownload/OtherDownload/JDK17/lib/src.zip!/jdk.management" type="simple" />
            <root url="jar://D:/MainDownload/OtherDownload/JDK17/lib/src.zip!/jdk.naming.dns" type="simple" />
            <root url="jar://D:/MainDownload/OtherDownload/JDK17/lib/src.zip!/jdk.naming.rmi" type="simple" />
            <root url="jar://D:/MainDownload/OtherDownload/JDK17/lib/src.zip!/java.instrument" type="simple" />
            <root url="jar://D:/MainDownload/OtherDownload/JDK17/lib/src.zip!/java.management" type="simple" />
            <root url="jar://D:/MainDownload/OtherDownload/JDK17/lib/src.zip!/java.sql.rowset" type="simple" />
            <root url="jar://D:/MainDownload/OtherDownload/JDK17/lib/src.zip!/java.xml.crypto" type="simple" />
            <root url="jar://D:/MainDownload/OtherDownload/JDK17/lib/src.zip!/jdk.internal.ed" type="simple" />
            <root url="jar://D:/MainDownload/OtherDownload/JDK17/lib/src.zip!/jdk.internal.le" type="simple" />
            <root url="jar://D:/MainDownload/OtherDownload/JDK17/lib/src.zip!/jdk.nio.mapmode" type="simple" />
            <root url="jar://D:/MainDownload/OtherDownload/JDK17/lib/src.zip!/jdk.unsupported" type="simple" />
            <root url="jar://D:/MainDownload/OtherDownload/JDK17/lib/src.zip!/java.smartcardio" type="simple" />
            <root url="jar://D:/MainDownload/OtherDownload/JDK17/lib/src.zip!/jdk.internal.opt" type="simple" />
            <root url="jar://D:/MainDownload/OtherDownload/JDK17/lib/src.zip!/java.datatransfer" type="simple" />
            <root url="jar://D:/MainDownload/OtherDownload/JDK17/lib/src.zip!/jdk.accessibility" type="simple" />
            <root url="jar://D:/MainDownload/OtherDownload/JDK17/lib/src.zip!/jdk.crypto.mscapi" type="simple" />
            <root url="jar://D:/MainDownload/OtherDownload/JDK17/lib/src.zip!/jdk.hotspot.agent" type="simple" />
            <root url="jar://D:/MainDownload/OtherDownload/JDK17/lib/src.zip!/jdk.security.auth" type="simple" />
            <root url="jar://D:/MainDownload/OtherDownload/JDK17/lib/src.zip!/jdk.security.jgss" type="simple" />
            <root url="jar://D:/MainDownload/OtherDownload/JDK17/lib/src.zip!/java.security.jgss" type="simple" />
            <root url="jar://D:/MainDownload/OtherDownload/JDK17/lib/src.zip!/java.security.sasl" type="simple" />
            <root url="jar://D:/MainDownload/OtherDownload/JDK17/lib/src.zip!/jdk.internal.vm.ci" type="simple" />
            <root url="jar://D:/MainDownload/OtherDownload/JDK17/lib/src.zip!/jdk.management.jfr" type="simple" />
            <root url="jar://D:/MainDownload/OtherDownload/JDK17/lib/src.zip!/java.management.rmi" type="simple" />
            <root url="jar://D:/MainDownload/OtherDownload/JDK17/lib/src.zip!/java.transaction.xa" type="simple" />
            <root url="jar://D:/MainDownload/OtherDownload/JDK17/lib/src.zip!/jdk.crypto.cryptoki" type="simple" />
            <root url="jar://D:/MainDownload/OtherDownload/JDK17/lib/src.zip!/jdk.incubator.vector" type="simple" />
            <root url="jar://D:/MainDownload/OtherDownload/JDK17/lib/src.zip!/jdk.internal.jvmstat" type="simple" />
            <root url="jar://D:/MainDownload/OtherDownload/JDK17/lib/src.zip!/jdk.management.agent" type="simple" />
            <root url="jar://D:/MainDownload/OtherDownload/JDK17/lib/src.zip!/jdk.incubator.foreign" type="simple" />
            <root url="jar://D:/MainDownload/OtherDownload/JDK17/lib/src.zip!/jdk.unsupported.desktop" type="simple" />
            <root url="jar://D:/MainDownload/OtherDownload/JDK17/lib/src.zip!/jdk.internal.vm.compiler" type="simple" />
            <root url="jar://D:/MainDownload/OtherDownload/JDK17/lib/src.zip!/jdk.internal.vm.compiler.management" type="simple" />
          </root>
        </sourcePath>
      </roots>
      <additional />
    </jdk>
    <jdk version="2">
      <name value="1.8" />
      <type value="JavaSDK" />
      <version value="version 1.8.0_372" />
      <homePath value="D:\MainDownload\OtherDownload\OpenJDK\java-1.8.0-openjdk-1.8.0.372-1.b07.redhat.windows.x86_64" />
      <roots>
        <annotationsPath>
          <root type="composite">
            <root url="jar://$APPLICATION_HOME_DIR$/plugins/java/lib/resources/jdkAnnotations.jar!/" type="simple" />
          </root>
        </annotationsPath>
        <classPath>
          <root type="composite">
            <root url="jar://D:/MainDownload/OtherDownload/OpenJDK/java-1.8.0-openjdk-1.8.0.372-1.b07.redhat.windows.x86_64/jre/lib/charsets.jar!/" type="simple" />
            <root url="jar://D:/MainDownload/OtherDownload/OpenJDK/java-1.8.0-openjdk-1.8.0.372-1.b07.redhat.windows.x86_64/jre/lib/ext/access-bridge-64.jar!/" type="simple" />
            <root url="jar://D:/MainDownload/OtherDownload/OpenJDK/java-1.8.0-openjdk-1.8.0.372-1.b07.redhat.windows.x86_64/jre/lib/ext/cldrdata.jar!/" type="simple" />
            <root url="jar://D:/MainDownload/OtherDownload/OpenJDK/java-1.8.0-openjdk-1.8.0.372-1.b07.redhat.windows.x86_64/jre/lib/ext/dnsns.jar!/" type="simple" />
            <root url="jar://D:/MainDownload/OtherDownload/OpenJDK/java-1.8.0-openjdk-1.8.0.372-1.b07.redhat.windows.x86_64/jre/lib/ext/jaccess.jar!/" type="simple" />
            <root url="jar://D:/MainDownload/OtherDownload/OpenJDK/java-1.8.0-openjdk-1.8.0.372-1.b07.redhat.windows.x86_64/jre/lib/ext/localedata.jar!/" type="simple" />
            <root url="jar://D:/MainDownload/OtherDownload/OpenJDK/java-1.8.0-openjdk-1.8.0.372-1.b07.redhat.windows.x86_64/jre/lib/ext/nashorn.jar!/" type="simple" />
            <root url="jar://D:/MainDownload/OtherDownload/OpenJDK/java-1.8.0-openjdk-1.8.0.372-1.b07.redhat.windows.x86_64/jre/lib/ext/sunec.jar!/" type="simple" />
            <root url="jar://D:/MainDownload/OtherDownload/OpenJDK/java-1.8.0-openjdk-1.8.0.372-1.b07.redhat.windows.x86_64/jre/lib/ext/sunjce_provider.jar!/" type="simple" />
            <root url="jar://D:/MainDownload/OtherDownload/OpenJDK/java-1.8.0-openjdk-1.8.0.372-1.b07.redhat.windows.x86_64/jre/lib/ext/sunmscapi.jar!/" type="simple" />
            <root url="jar://D:/MainDownload/OtherDownload/OpenJDK/java-1.8.0-openjdk-1.8.0.372-1.b07.redhat.windows.x86_64/jre/lib/ext/sunpkcs11.jar!/" type="simple" />
            <root url="jar://D:/MainDownload/OtherDownload/OpenJDK/java-1.8.0-openjdk-1.8.0.372-1.b07.redhat.windows.x86_64/jre/lib/ext/zipfs.jar!/" type="simple" />
            <root url="jar://D:/MainDownload/OtherDownload/OpenJDK/java-1.8.0-openjdk-1.8.0.372-1.b07.redhat.windows.x86_64/jre/lib/jce.jar!/" type="simple" />
            <root url="jar://D:/MainDownload/OtherDownload/OpenJDK/java-1.8.0-openjdk-1.8.0.372-1.b07.redhat.windows.x86_64/jre/lib/jfr.jar!/" type="simple" />
            <root url="jar://D:/MainDownload/OtherDownload/OpenJDK/java-1.8.0-openjdk-1.8.0.372-1.b07.redhat.windows.x86_64/jre/lib/jsse.jar!/" type="simple" />
            <root url="jar://D:/MainDownload/OtherDownload/OpenJDK/java-1.8.0-openjdk-1.8.0.372-1.b07.redhat.windows.x86_64/jre/lib/management-agent.jar!/" type="simple" />
            <root url="jar://D:/MainDownload/OtherDownload/OpenJDK/java-1.8.0-openjdk-1.8.0.372-1.b07.redhat.windows.x86_64/jre/lib/resources.jar!/" type="simple" />
            <root url="jar://D:/MainDownload/OtherDownload/OpenJDK/java-1.8.0-openjdk-1.8.0.372-1.b07.redhat.windows.x86_64/jre/lib/rt.jar!/" type="simple" />
          </root>
        </classPath>
        <javadocPath>
          <root type="composite">
            <root url="https://docs.oracle.com/javase/8/docs/api/" type="simple" />
          </root>
        </javadocPath>
        <sourcePath>
          <root type="composite" />
        </sourcePath>
      </roots>
      <additional />
    </jdk>
    <jdk version="2">
      <name value="11" />
      <type value="JavaSDK" />
      <version value="Oracle OpenJDK version 11.0.19" />
      <homePath value="D:\MainDownload\JDK" />
      <roots>
        <annotationsPath>
          <root type="composite">
            <root url="jar://$APPLICATION_HOME_DIR$/plugins/java/lib/resources/jdkAnnotations.jar!/" type="simple" />
          </root>
        </annotationsPath>
        <classPath>
          <root type="composite">
            <root url="jrt://D:/MainDownload/JDK!/java.base" type="simple" />
            <root url="jrt://D:/MainDownload/JDK!/java.compiler" type="simple" />
            <root url="jrt://D:/MainDownload/JDK!/java.datatransfer" type="simple" />
            <root url="jrt://D:/MainDownload/JDK!/java.desktop" type="simple" />
            <root url="jrt://D:/MainDownload/JDK!/java.instrument" type="simple" />
            <root url="jrt://D:/MainDownload/JDK!/java.logging" type="simple" />
            <root url="jrt://D:/MainDownload/JDK!/java.management" type="simple" />
            <root url="jrt://D:/MainDownload/JDK!/java.management.rmi" type="simple" />
            <root url="jrt://D:/MainDownload/JDK!/java.naming" type="simple" />
            <root url="jrt://D:/MainDownload/JDK!/java.net.http" type="simple" />
            <root url="jrt://D:/MainDownload/JDK!/java.prefs" type="simple" />
            <root url="jrt://D:/MainDownload/JDK!/java.rmi" type="simple" />
            <root url="jrt://D:/MainDownload/JDK!/java.scripting" type="simple" />
            <root url="jrt://D:/MainDownload/JDK!/java.se" type="simple" />
            <root url="jrt://D:/MainDownload/JDK!/java.security.jgss" type="simple" />
            <root url="jrt://D:/MainDownload/JDK!/java.security.sasl" type="simple" />
            <root url="jrt://D:/MainDownload/JDK!/java.smartcardio" type="simple" />
            <root url="jrt://D:/MainDownload/JDK!/java.sql" type="simple" />
            <root url="jrt://D:/MainDownload/JDK!/java.sql.rowset" type="simple" />
            <root url="jrt://D:/MainDownload/JDK!/java.transaction.xa" type="simple" />
            <root url="jrt://D:/MainDownload/JDK!/java.xml" type="simple" />
            <root url="jrt://D:/MainDownload/JDK!/java.xml.crypto" type="simple" />
            <root url="jrt://D:/MainDownload/JDK!/jdk.accessibility" type="simple" />
            <root url="jrt://D:/MainDownload/JDK!/jdk.attach" type="simple" />
            <root url="jrt://D:/MainDownload/JDK!/jdk.charsets" type="simple" />
            <root url="jrt://D:/MainDownload/JDK!/jdk.compiler" type="simple" />
            <root url="jrt://D:/MainDownload/JDK!/jdk.crypto.cryptoki" type="simple" />
            <root url="jrt://D:/MainDownload/JDK!/jdk.crypto.ec" type="simple" />
            <root url="jrt://D:/MainDownload/JDK!/jdk.crypto.mscapi" type="simple" />
            <root url="jrt://D:/MainDownload/JDK!/jdk.dynalink" type="simple" />
            <root url="jrt://D:/MainDownload/JDK!/jdk.editpad" type="simple" />
            <root url="jrt://D:/MainDownload/JDK!/jdk.hotspot.agent" type="simple" />
            <root url="jrt://D:/MainDownload/JDK!/jdk.httpserver" type="simple" />
            <root url="jrt://D:/MainDownload/JDK!/jdk.internal.ed" type="simple" />
            <root url="jrt://D:/MainDownload/JDK!/jdk.internal.jvmstat" type="simple" />
            <root url="jrt://D:/MainDownload/JDK!/jdk.internal.le" type="simple" />
            <root url="jrt://D:/MainDownload/JDK!/jdk.internal.opt" type="simple" />
            <root url="jrt://D:/MainDownload/JDK!/jdk.internal.vm.ci" type="simple" />
            <root url="jrt://D:/MainDownload/JDK!/jdk.internal.vm.compiler" type="simple" />
            <root url="jrt://D:/MainDownload/JDK!/jdk.internal.vm.compiler.management" type="simple" />
            <root url="jrt://D:/MainDownload/JDK!/jdk.jartool" type="simple" />
            <root url="jrt://D:/MainDownload/JDK!/jdk.javadoc" type="simple" />
            <root url="jrt://D:/MainDownload/JDK!/jdk.jcmd" type="simple" />
            <root url="jrt://D:/MainDownload/JDK!/jdk.jconsole" type="simple" />
            <root url="jrt://D:/MainDownload/JDK!/jdk.jdeps" type="simple" />
            <root url="jrt://D:/MainDownload/JDK!/jdk.jdi" type="simple" />
            <root url="jrt://D:/MainDownload/JDK!/jdk.jdwp.agent" type="simple" />
            <root url="jrt://D:/MainDownload/JDK!/jdk.jfr" type="simple" />
            <root url="jrt://D:/MainDownload/JDK!/jdk.jlink" type="simple" />
            <root url="jrt://D:/MainDownload/JDK!/jdk.jshell" type="simple" />
            <root url="jrt://D:/MainDownload/JDK!/jdk.jsobject" type="simple" />
            <root url="jrt://D:/MainDownload/JDK!/jdk.jstatd" type="simple" />
            <root url="jrt://D:/MainDownload/JDK!/jdk.localedata" type="simple" />
            <root url="jrt://D:/MainDownload/JDK!/jdk.management" type="simple" />
            <root url="jrt://D:/MainDownload/JDK!/jdk.management.agent" type="simple" />
            <root url="jrt://D:/MainDownload/JDK!/jdk.management.jfr" type="simple" />
            <root url="jrt://D:/MainDownload/JDK!/jdk.naming.dns" type="simple" />
            <root url="jrt://D:/MainDownload/JDK!/jdk.naming.ldap" type="simple" />
            <root url="jrt://D:/MainDownload/JDK!/jdk.naming.rmi" type="simple" />
            <root url="jrt://D:/MainDownload/JDK!/jdk.net" type="simple" />
            <root url="jrt://D:/MainDownload/JDK!/jdk.pack" type="simple" />
            <root url="jrt://D:/MainDownload/JDK!/jdk.rmic" type="simple" />
            <root url="jrt://D:/MainDownload/JDK!/jdk.scripting.nashorn" type="simple" />
            <root url="jrt://D:/MainDownload/JDK!/jdk.scripting.nashorn.shell" type="simple" />
            <root url="jrt://D:/MainDownload/JDK!/jdk.sctp" type="simple" />
            <root url="jrt://D:/MainDownload/JDK!/jdk.security.auth" type="simple" />
            <root url="jrt://D:/MainDownload/JDK!/jdk.security.jgss" type="simple" />
            <root url="jrt://D:/MainDownload/JDK!/jdk.unsupported" type="simple" />
            <root url="jrt://D:/MainDownload/JDK!/jdk.unsupported.desktop" type="simple" />
            <root url="jrt://D:/MainDownload/JDK!/jdk.xml.dom" type="simple" />
            <root url="jrt://D:/MainDownload/JDK!/jdk.zipfs" type="simple" />
          </root>
        </classPath>
        <javadocPath>
          <root type="composite" />
        </javadocPath>
        <sourcePath>
          <root type="composite">
            <root url="jar://D:/MainDownload/JDK/lib/src.zip!/java.se" type="simple" />
            <root url="jar://D:/MainDownload/JDK/lib/src.zip!/jdk.jdi" type="simple" />
            <root url="jar://D:/MainDownload/JDK/lib/src.zip!/jdk.jfr" type="simple" />
            <root url="jar://D:/MainDownload/JDK/lib/src.zip!/jdk.net" type="simple" />
            <root url="jar://D:/MainDownload/JDK/lib/src.zip!/java.rmi" type="simple" />
            <root url="jar://D:/MainDownload/JDK/lib/src.zip!/java.sql" type="simple" />
            <root url="jar://D:/MainDownload/JDK/lib/src.zip!/java.xml" type="simple" />
            <root url="jar://D:/MainDownload/JDK/lib/src.zip!/jdk.jcmd" type="simple" />
            <root url="jar://D:/MainDownload/JDK/lib/src.zip!/jdk.pack" type="simple" />
            <root url="jar://D:/MainDownload/JDK/lib/src.zip!/jdk.rmic" type="simple" />
            <root url="jar://D:/MainDownload/JDK/lib/src.zip!/jdk.sctp" type="simple" />
            <root url="jar://D:/MainDownload/JDK/lib/src.zip!/java.base" type="simple" />
            <root url="jar://D:/MainDownload/JDK/lib/src.zip!/jdk.jdeps" type="simple" />
            <root url="jar://D:/MainDownload/JDK/lib/src.zip!/jdk.jlink" type="simple" />
            <root url="jar://D:/MainDownload/JDK/lib/src.zip!/jdk.zipfs" type="simple" />
            <root url="jar://D:/MainDownload/JDK/lib/src.zip!/java.prefs" type="simple" />
            <root url="jar://D:/MainDownload/JDK/lib/src.zip!/jdk.attach" type="simple" />
            <root url="jar://D:/MainDownload/JDK/lib/src.zip!/jdk.jshell" type="simple" />
            <root url="jar://D:/MainDownload/JDK/lib/src.zip!/jdk.jstatd" type="simple" />
            <root url="jar://D:/MainDownload/JDK/lib/src.zip!/java.naming" type="simple" />
            <root url="jar://D:/MainDownload/JDK/lib/src.zip!/jdk.editpad" type="simple" />
            <root url="jar://D:/MainDownload/JDK/lib/src.zip!/jdk.jartool" type="simple" />
            <root url="jar://D:/MainDownload/JDK/lib/src.zip!/jdk.javadoc" type="simple" />
            <root url="jar://D:/MainDownload/JDK/lib/src.zip!/jdk.xml.dom" type="simple" />
            <root url="jar://D:/MainDownload/JDK/lib/src.zip!/java.desktop" type="simple" />
            <root url="jar://D:/MainDownload/JDK/lib/src.zip!/java.logging" type="simple" />
            <root url="jar://D:/MainDownload/JDK/lib/src.zip!/jdk.charsets" type="simple" />
            <root url="jar://D:/MainDownload/JDK/lib/src.zip!/jdk.compiler" type="simple" />
            <root url="jar://D:/MainDownload/JDK/lib/src.zip!/jdk.dynalink" type="simple" />
            <root url="jar://D:/MainDownload/JDK/lib/src.zip!/jdk.jconsole" type="simple" />
            <root url="jar://D:/MainDownload/JDK/lib/src.zip!/jdk.jsobject" type="simple" />
            <root url="jar://D:/MainDownload/JDK/lib/src.zip!/java.compiler" type="simple" />
            <root url="jar://D:/MainDownload/JDK/lib/src.zip!/java.net.http" type="simple" />
            <root url="jar://D:/MainDownload/JDK/lib/src.zip!/jdk.crypto.ec" type="simple" />
            <root url="jar://D:/MainDownload/JDK/lib/src.zip!/java.scripting" type="simple" />
            <root url="jar://D:/MainDownload/JDK/lib/src.zip!/jdk.httpserver" type="simple" />
            <root url="jar://D:/MainDownload/JDK/lib/src.zip!/jdk.jdwp.agent" type="simple" />
            <root url="jar://D:/MainDownload/JDK/lib/src.zip!/jdk.localedata" type="simple" />
            <root url="jar://D:/MainDownload/JDK/lib/src.zip!/jdk.management" type="simple" />
            <root url="jar://D:/MainDownload/JDK/lib/src.zip!/jdk.naming.dns" type="simple" />
            <root url="jar://D:/MainDownload/JDK/lib/src.zip!/jdk.naming.rmi" type="simple" />
            <root url="jar://D:/MainDownload/JDK/lib/src.zip!/java.instrument" type="simple" />
            <root url="jar://D:/MainDownload/JDK/lib/src.zip!/java.management" type="simple" />
            <root url="jar://D:/MainDownload/JDK/lib/src.zip!/java.sql.rowset" type="simple" />
            <root url="jar://D:/MainDownload/JDK/lib/src.zip!/java.xml.crypto" type="simple" />
            <root url="jar://D:/MainDownload/JDK/lib/src.zip!/jdk.internal.ed" type="simple" />
            <root url="jar://D:/MainDownload/JDK/lib/src.zip!/jdk.internal.le" type="simple" />
            <root url="jar://D:/MainDownload/JDK/lib/src.zip!/jdk.naming.ldap" type="simple" />
            <root url="jar://D:/MainDownload/JDK/lib/src.zip!/jdk.unsupported" type="simple" />
            <root url="jar://D:/MainDownload/JDK/lib/src.zip!/java.smartcardio" type="simple" />
            <root url="jar://D:/MainDownload/JDK/lib/src.zip!/jdk.internal.opt" type="simple" />
            <root url="jar://D:/MainDownload/JDK/lib/src.zip!/java.datatransfer" type="simple" />
            <root url="jar://D:/MainDownload/JDK/lib/src.zip!/jdk.accessibility" type="simple" />
            <root url="jar://D:/MainDownload/JDK/lib/src.zip!/jdk.crypto.mscapi" type="simple" />
            <root url="jar://D:/MainDownload/JDK/lib/src.zip!/jdk.hotspot.agent" type="simple" />
            <root url="jar://D:/MainDownload/JDK/lib/src.zip!/jdk.security.auth" type="simple" />
            <root url="jar://D:/MainDownload/JDK/lib/src.zip!/jdk.security.jgss" type="simple" />
            <root url="jar://D:/MainDownload/JDK/lib/src.zip!/java.security.jgss" type="simple" />
            <root url="jar://D:/MainDownload/JDK/lib/src.zip!/java.security.sasl" type="simple" />
            <root url="jar://D:/MainDownload/JDK/lib/src.zip!/jdk.internal.vm.ci" type="simple" />
            <root url="jar://D:/MainDownload/JDK/lib/src.zip!/jdk.management.jfr" type="simple" />
            <root url="jar://D:/MainDownload/JDK/lib/src.zip!/java.management.rmi" type="simple" />
            <root url="jar://D:/MainDownload/JDK/lib/src.zip!/java.transaction.xa" type="simple" />
            <root url="jar://D:/MainDownload/JDK/lib/src.zip!/jdk.crypto.cryptoki" type="simple" />
            <root url="jar://D:/MainDownload/JDK/lib/src.zip!/jdk.internal.jvmstat" type="simple" />
            <root url="jar://D:/MainDownload/JDK/lib/src.zip!/jdk.management.agent" type="simple" />
            <root url="jar://D:/MainDownload/JDK/lib/src.zip!/jdk.scripting.nashorn" type="simple" />
            <root url="jar://D:/MainDownload/JDK/lib/src.zip!/jdk.unsupported.desktop" type="simple" />
            <root url="jar://D:/MainDownload/JDK/lib/src.zip!/jdk.internal.vm.compiler" type="simple" />
            <root url="jar://D:/MainDownload/JDK/lib/src.zip!/jdk.scripting.nashorn.shell" type="simple" />
            <root url="jar://D:/MainDownload/JDK/lib/src.zip!/jdk.internal.vm.compiler.management" type="simple" />
          </root>
        </sourcePath>
      </roots>
      <additional />
    </jdk>
  </component>
</application>