<?xml version="1.0" encoding="UTF-8" ?>
<!DOCTYPE mapper
        PUBLIC "-//mybatis.org//DTD Mapper 3.0//EN"
        "http://mybatis.org/dtd/mybatis-3-mapper.dtd">

<mapper namespace="com.alex.simplecurd.mapper.UserMapper">
    <!--分页综合查询-->
    <select id="page" resultType="com.alex.simplecurd.pojo.User">
        select * from cruduser
        <where>
            status=1 and `delete`=0
            <if test="username!=null and username!=''">
                and username like concat('%',#{username},'%')
            </if>
            <if test="realName!=null and realName!=''">
                and real_name like concat('%',#{realName},'%')
            </if>
            <if test="sex!=null">
                and sex=#{sex}
            </if>
            <if test="ageBegin!=null and ageEnd!=null">
                and age between #{ageBegin} and #{ageEnd}
            </if>
            <if test="begin!=null and end!=null">
                and register_time between #{begin} and #{end}
            </if>
        </where>
    </select>

    <!--complexDelete-->
    <!--传统删除-->
<!--    <delete id="complexDelete">-->
<!--        delete from cruduser where id in-->
<!--        <foreach collection="ids" item="id" separator="," open="(" close=")">-->
<!--            #{id}-->
<!--        </foreach>-->
<!--    </delete>-->

    <!--complexDelete-->
<!--    deleted 0 -> 1-->
    <update id="complexDelete" parameterType="java.util.List">
        update cruduser
        set `delete`=1
        where id in
        <foreach collection="ids" item="id" separator="," open="(" close=")">
            #{id}
        </foreach>
    </update>
</mapper>






























