<?xml version="1.0" encoding="UTF-8" ?>
<!DOCTYPE mapper PUBLIC "-//mybatis.org//DTD Mapper 3.0//EN"
        "http://mybatis.org/dtd/mybatis-3-mapper.dtd" >

<mapper namespace="com.sky.mapper.EmployeeMapper">

    <select id="pageQuery" resultType="com.sky.entity.Employee">
        select * from employee
        <where>
            <if test="name!=null and name!=''">and name like concat('%',#{name},'%')</if>
        </where>
        order by create_time desc
    </select>

    <update id="update" parameterType="Employee">
        update employee
        <set>
            <if test="name!=null">name=#{name},</if>
            <if test="username!=null">username=#{username},</if>
            <if test="password!=null">password=#{password},</if>
            <if test="phone!=null">phone=#{phone},</if>
            <if test="sex!=null">sex=#{sex},</if>
            <if test="idNumber!=null">id_Number=#{idNumber},</if>
            <if test="updateTime!=null">update_Time=#{updateTime},</if>
            <if test="updateUser!=null">update_User=#{updateUser},</if>
            <if test="status!=null">status=#{status},</if>
        </set>
        where id=#{id}
    </update>
</mapper>
