<keymap version="1" name="VSCode copy" parent="VSCode">
  <action id="$Copy">
    <keyboard-shortcut first-keystroke="ctrl c" />
  </action>
  <action id="$Cut">
    <keyboard-shortcut first-keystroke="ctrl x" />
  </action>
  <action id="$Delete">
    <keyboard-shortcut first-keystroke="d" />
  </action>
  <action id="$Paste">
    <keyboard-shortcut first-keystroke="ctrl v" />
  </action>
  <action id="$Redo">
    <keyboard-shortcut first-keystroke="ctrl y" />
  </action>
  <action id="$Undo">
    <keyboard-shortcut first-keystroke="ctrl z" />
  </action>
  <action id="ActivateFindToolWindow">
    <keyboard-shortcut first-keystroke="alt s" />
  </action>
  <action id="ActivateProjectToolWindow">
    <keyboard-shortcut first-keystroke="ctrl b" />
  </action>
  <action id="ActivateTerminalToolWindow">
    <keyboard-shortcut first-keystroke="alt t" />
  </action>
  <action id="ChooseRunConfiguration">
    <keyboard-shortcut first-keystroke="alt r" />
  </action>
  <action id="CloseProject">
    <keyboard-shortcut first-keystroke="ctrl q" />
  </action>
  <action id="CodeCompletion">
    <keyboard-shortcut first-keystroke="ctrl i" />
  </action>
  <action id="CommentByBlockComment">
    <keyboard-shortcut first-keystroke="alt slash" />
  </action>
  <action id="CommentByLineComment">
    <keyboard-shortcut first-keystroke="ctrl slash" />
  </action>
  <action id="Compile">
    <keyboard-shortcut first-keystroke="alt b" />
  </action>
  <action id="CompileDirty" />
  <action id="Documentation.ViewExternal" />
  <action id="Editor Delete">
    <keyboard-shortcut first-keystroke="d" />
  </action>
  <action id="EditorCopy">
    <keyboard-shortcut first-keystroke="ctrl c" />
  </action>
  <action id="EditorCreateRectangularSelection" />
  <action id="EditorCreateRectangularSelectionOnMouseDrag" />
  <action id="EditorCut">
    <keyboard-shortcut first-keystroke="ctrl x" />
  </action>
  <action id="EditorDecreaseFontSizeGlobal" />
  <action id="EditorIncreaseFontSizeGlobal">
    <keyboard-shortcut first-keystroke="ctrl equals" />
  </action>
  <action id="EditorIndentLineOrSelection" />
  <action id="EditorJoinLines" />
  <action id="EditorPageDown" />
  <action id="EditorPageUp" />
  <action id="EditorPaste">
    <keyboard-shortcut first-keystroke="ctrl v" />
  </action>
  <action id="EditorScrollToCenter" />
  <action id="Generate">
    <keyboard-shortcut first-keystroke="alt p" />
  </action>
  <action id="HideSideWindows" />
  <action id="HippieCompletion" />
  <action id="IntroduceVariable">
    <keyboard-shortcut first-keystroke="alt j" />
  </action>
  <action id="Jdbc.OpenConsole.New.Generate" />
  <action id="NewElement">
    <keyboard-shortcut first-keystroke="a" />
  </action>
  <action id="NewScratchFile" />
  <action id="PopupHector" />
  <action id="QuickImplementations" />
  <action id="ReformatCode">
    <keyboard-shortcut first-keystroke="alt f" />
  </action>
  <action id="RenameElement">
    <keyboard-shortcut first-keystroke="r" />
  </action>
  <action id="RenameFile">
    <keyboard-shortcut first-keystroke="r" />
  </action>
  <action id="RunDashboard.Stop" />
  <action id="RunInspection" />
  <action id="SaveAll" />
  <action id="ShowPopupMenu" />
  <action id="ShowProjectStructureSettings" />
  <action id="SmartUnSelect" />
  <action id="SurroundWith">
    <keyboard-shortcut first-keystroke="alt i" />
  </action>
  <action id="SurroundWithLiveTemplate" />
  <action id="Synchronize">
    <keyboard-shortcut first-keystroke="alt w" />
  </action>
  <action id="TerminalDecreaseFontSize" />
  <action id="TerminalIncreaseFontSize" />
  <action id="ToggleBookmarkWithMnemonic" />
  <action id="ToggleFindInSelection" />
  <action id="ToggleRenderedDocPresentation" />
  <action id="XPathView.Actions.Evaluate" />
  <action id="XPathView.Actions.FindByExpression" />
  <action id="org.intellij.plugins.markdown.ui.actions.styling.ToggleBoldAction" />
</keymap>