<application>
  <component name="ProjectManager">
    <defaultProject>
      <component name="CompilerConfiguration">
        <bytecodeTargetLevel target="17" />
      </component>
      <component name="Encoding" defaultCharsetForPropertiesFiles="UTF-8">
        <file url="PROJECT" charset="UTF-8" />
      </component>
      <component name="InspectionProjectProfileManager">
        <profile version="1.0">
          <option name="myName" value="Project Default" />
          <inspection_tool class="SqlDialectInspection" enabled="false" level="WARNING" enabled_by_default="false" />
          <inspection_tool class="SqlNoDataSourceInspection" enabled="false" level="WARNING" enabled_by_default="false" />
        </profile>
        <version value="1.0" />
      </component>
      <component name="MavenImportPreferences">
        <option name="generalSettings">
          <MavenGeneralSettings>
            <option name="mavenHome" value="D:/MainDownload/MavenAndTomat/ApacheMaven/apache-maven-3.9.6" />
            <option name="userSettingsFile" value="D:\MainDownload\MavenAndTomat\ApacheMaven\apache-maven-3.9.6\conf\settings.xml" />
          </MavenGeneralSettings>
        </option>
      </component>
      <component name="MavenRunner">
        <option name="jreName" value="17" />
      </component>
      <component name="ProjectInspectionProfilesVisibleTreeState">
        <entry key="Project Default">
          <profile-state>
            <expanded-state>
              <State />
              <State>
                <id>Android</id>
              </State>
              <State>
                <id>Angular</id>
              </State>
              <State>
                <id>CSS</id>
              </State>
              <State>
                <id>ClassNaming conventionsJava</id>
              </State>
              <State>
                <id>Code maturityJava</id>
              </State>
              <State>
                <id>CodePlugin DevKit</id>
              </State>
              <State>
                <id>CodeSpring CoreSpring</id>
              </State>
              <State>
                <id>CorrectnessLintAndroid</id>
              </State>
              <State>
                <id>GeneralJavaScript and TypeScript</id>
              </State>
              <State>
                <id>Hibernate</id>
              </State>
              <State>
                <id>IconsUsabilityLintAndroid</id>
              </State>
              <State>
                <id>JPA</id>
              </State>
              <State>
                <id>JSON and JSON5</id>
              </State>
              <State>
                <id>JSP</id>
              </State>
              <State>
                <id>JVM languages</id>
              </State>
              <State>
                <id>Java</id>
              </State>
              <State>
                <id>Java 15Java language level migration aidsJava</id>
              </State>
              <State>
                <id>Java language level migration aidsJava</id>
              </State>
              <State>
                <id>JavaFX</id>
              </State>
              <State>
                <id>JavaScript and TypeScript</id>
              </State>
              <State>
                <id>LintAndroid</id>
              </State>
              <State>
                <id>MessagesCorrectnessLintAndroid</id>
              </State>
              <State>
                <id>Naming conventionsJava</id>
              </State>
              <State>
                <id>OpenAPI specifications</id>
              </State>
              <State>
                <id>PerformanceLintAndroid</id>
              </State>
              <State>
                <id>Plugin DevKit</id>
              </State>
              <State>
                <id>Probable bugsJava</id>
              </State>
              <State>
                <id>SQL</id>
              </State>
              <State>
                <id>Spring</id>
              </State>
              <State>
                <id>Spring BootSpring</id>
              </State>
              <State>
                <id>Spring CoreSpring</id>
              </State>
              <State>
                <id>Spring IntegrationSpring</id>
              </State>
              <State>
                <id>Threading issuesJava</id>
              </State>
              <State>
                <id>UsabilityLintAndroid</id>
              </State>
              <State>
                <id>XML</id>
              </State>
              <State>
                <id>XMLSpring CoreSpring</id>
              </State>
              <State>
                <id>XPath</id>
              </State>
              <State>
                <id>YAML</id>
              </State>
            </expanded-state>
          </profile-state>
        </entry>
      </component>
      <component name="PropertiesComponent"><![CDATA[{
  "keyToString": {
    "settings.editor.selected.configurable": "reference.settingsdialog.IDE.editor.colors.General"
  }
}]]></component>
    </defaultProject>
  </component>
</application>